{"Episode_rew/rew_above_vel_range": -0.020922813564538956, "Episode_rew/rew_action_rate": -2.487597328126867e-07, "Episode_rew/rew_ang_vel_xy": -0.011592204682528973, "Episode_rew/rew_base_height": -0.02711988240480423, "Episode_rew/rew_collision": -0.110636405646801, "Episode_rew/rew_dof_acc": -0.0029165586456656456, "Episode_rew/rew_feet_air_time": -0.013475658372044563, "Episode_rew/rew_feet_alignment_x": -0.0003406538162380457, "Episode_rew/rew_feet_alignment_y": -0.00035688167554326355, "Episode_rew/rew_feet_contact_forces": -0.00044835032895207405, "Episode_rew/rew_feet_contact_number": -2.632758696563542e-05, "Episode_rew/rew_feet_distance": -0.01799018308520317, "Episode_rew/rew_lin_vel_z": -0.004489936865866184, "Episode_rew/rew_no_fly": -0.0231137964874506, "Episode_rew/rew_orientation": -0.0676921159029007, "Episode_rew/rew_survival": 0.06794440001249313, "Episode_rew/rew_target_feet_height": -0.006559408735483885, "Episode_rew/rew_torque_limits": -1.5388212659672718e-06, "Episode_rew/rew_torques": -0.0007034681621007621, "Episode_rew/rew_tracking_ang_vel": 0.04099532589316368, "Episode_rew/rew_tracking_base_height": 0.024602415040135384, "Episode_rew/rew_tracking_lin_vel": 0.06355974823236465, "Episode_rew/rew_tracking_orientation": 0.026157889515161514, "Episode_rew/rew_unbalance_feet_air_time": -0.013461707159876823, "Episode_rew/rew_unbalance_feet_height": -0.0005183344474062324, "Episode_rew/terrain_level": 1.9126182794570923, "Loss_depth/depth_encoder": 0, "Loss_depth/depth_actor": 0.14974001049995422, "Loss_depth/coder_loss": 0, "Policy/mean_noise_std": 1.0, "Perf/total_fps": 270, "Perf/collection time": 22.503189086914062, "Perf/learning_time": 0.24544286727905273, "Train/mean_reward": -2.915840570926666, "Train/mean_episode_length": 42.14, "_timestamp": 1732528314.3845544, "_runtime": 33.752798318862915, "_step": 0, "_wandb": {"runtime": 27}}