{"Episode_rew/rew_above_vel_range": -0.022036077454686165, "Episode_rew/rew_action_rate": -0.0023051025345921516, "Episode_rew/rew_ang_vel_xy": -0.02998974174261093, "Episode_rew/rew_base_height": -0.013042365200817585, "Episode_rew/rew_collision": -0.1300000101327896, "Episode_rew/rew_dof_acc": -0.0015940475277602673, "Episode_rew/rew_feet_air_time": -0.01787666790187359, "Episode_rew/rew_feet_alignment_x": -0.0008827827987261117, "Episode_rew/rew_feet_alignment_y": -0.0011676459107547998, "Episode_rew/rew_feet_contact_forces": -0.01089091319590807, "Episode_rew/rew_feet_contact_number": -0.003179166465997696, "Episode_rew/rew_feet_distance": -0.0012399395927786827, "Episode_rew/rew_lin_vel_z": -0.004637218080461025, "Episode_rew/rew_no_fly": -0.0011652777902781963, "Episode_rew/rew_orientation": -0.10063963383436203, "Episode_rew/rew_survival": 0.05749722197651863, "Episode_rew/rew_target_feet_height": -0.009426530450582504, "Episode_rew/rew_torque_limits": -0.2855866253376007, "Episode_rew/rew_torques": -0.028558673337101936, "Episode_rew/rew_tracking_ang_vel": 0.01687098667025566, "Episode_rew/rew_tracking_base_height": 0.023770293220877647, "Episode_rew/rew_tracking_lin_vel": 0.03413928300142288, "Episode_rew/rew_tracking_orientation": 0.0026593473739922047, "Episode_rew/rew_unbalance_feet_air_time": -0.059277743101119995, "Episode_rew/rew_unbalance_feet_height": -0.006705674342811108, "Episode_rew/terrain_level": 0.0, "Loss_depth/depth_encoder": 0, "Loss_depth/depth_actor": 12.526848793029785, "Loss_depth/coder_loss": 12.97325325012207, "Policy/mean_noise_std": 0.6316365003585815, "Perf/total_fps": 159, "Perf/collection time": 4.7113118171691895, "Perf/learning_time": 0.11208748817443848, "Train/mean_reward": -12.329133801460266, "Train/mean_episode_length": 30.36, "_timestamp": 1732595302.935952, "_runtime": 5417.225563049316, "_step": 22449, "_wandb": {"runtime": 5415}}