{"Episode_rew/rew_above_vel_range": -0.020862014964222908, "Episode_rew/rew_action_rate": -2.5162157157865295e-07, "Episode_rew/rew_ang_vel_xy": -0.011430896818637848, "Episode_rew/rew_base_height": -0.027417894452810287, "Episode_rew/rew_collision": -0.10401546955108643, "Episode_rew/rew_dof_acc": -0.0028020385652780533, "Episode_rew/rew_feet_air_time": -0.013776686042547226, "Episode_rew/rew_feet_alignment_x": -0.0003702066605910659, "Episode_rew/rew_feet_alignment_y": -0.00033353190519846976, "Episode_rew/rew_feet_contact_forces": -0.00036966780317015946, "Episode_rew/rew_feet_contact_number": 0.0004267477197572589, "Episode_rew/rew_feet_distance": -0.01881548948585987, "Episode_rew/rew_lin_vel_z": -0.004440065938979387, "Episode_rew/rew_no_fly": -0.022414421662688255, "Episode_rew/rew_orientation": -0.0693560540676117, "Episode_rew/rew_survival": 0.06803956627845764, "Episode_rew/rew_target_feet_height": -0.006473144516348839, "Episode_rew/rew_torque_limits": 0.0, "Episode_rew/rew_torques": -0.0006908759824000299, "Episode_rew/rew_tracking_ang_vel": 0.041078098118305206, "Episode_rew/rew_tracking_base_height": 0.02451394684612751, "Episode_rew/rew_tracking_lin_vel": 0.062016863375902176, "Episode_rew/rew_tracking_orientation": 0.02557864971458912, "Episode_rew/rew_unbalance_feet_air_time": -0.01557761151343584, "Episode_rew/rew_unbalance_feet_height": -0.0005453196936286986, "Episode_rew/terrain_level": 1.9122899770736694, "Loss_depth/depth_encoder": 0, "Loss_depth/depth_actor": 0.14416968822479248, "Loss_depth/coder_loss": 0, "Policy/mean_noise_std": 1.0, "Perf/total_fps": 269, "Perf/collection time": 22.525509119033813, "Perf/learning_time": 0.2450568675994873, "Train/mean_reward": -2.80626994907856, "Train/mean_episode_length": 42.47, "_timestamp": 1732532926.4250948, "_runtime": 34.69059777259827, "_step": 0, "_wandb": {"runtime": 32}}