{"Episode_rew/rew_above_vel_range": -0.022039100527763367, "Episode_rew/rew_action_rate": -0.00305810640566051, "Episode_rew/rew_ang_vel_xy": -0.03565788269042969, "Episode_rew/rew_base_height": -0.023358620703220367, "Episode_rew/rew_collision": -0.15821601450443268, "Episode_rew/rew_dof_acc": -0.005238997284322977, "Episode_rew/rew_feet_air_time": -0.014716673642396927, "Episode_rew/rew_feet_alignment_x": -0.010423736646771431, "Episode_rew/rew_feet_alignment_y": -0.0012388535542413592, "Episode_rew/rew_feet_contact_forces": -0.010527641512453556, "Episode_rew/rew_feet_contact_number": 0.00859737303107977, "Episode_rew/rew_feet_distance": -0.010768953710794449, "Episode_rew/rew_lin_vel_z": -0.008996446616947651, "Episode_rew/rew_no_fly": -0.0042101857252418995, "Episode_rew/rew_orientation": -0.08692215383052826, "Episode_rew/rew_survival": 0.07569494843482971, "Episode_rew/rew_target_feet_height": -0.012438374571502209, "Episode_rew/rew_torque_limits": -0.00940460804849863, "Episode_rew/rew_torques": -0.0032273116521537304, "Episode_rew/rew_tracking_ang_vel": 0.02918849140405655, "Episode_rew/rew_tracking_base_height": 0.02812701091170311, "Episode_rew/rew_tracking_lin_vel": 0.0628475695848465, "Episode_rew/rew_tracking_orientation": 0.026631224900484085, "Episode_rew/rew_unbalance_feet_air_time": -0.16508334875106812, "Episode_rew/rew_unbalance_feet_height": -0.04032246395945549, "Episode_rew/terrain_level": 0.0, "Loss_depth/depth_encoder": 0, "Loss_depth/depth_actor": 11.209208488464355, "Loss_depth/coder_loss": 6.785913467407227, "Policy/mean_noise_std": 0.6316365003585815, "Perf/total_fps": 282, "Perf/collection time": 21.637412309646606, "Perf/learning_time": 0.11777377128601074, "Train/mean_reward": -7.789569097757339, "Train/mean_episode_length": 39.8, "_timestamp": 1732589518.526219, "_runtime": 1980.5191538333893, "_step": 21388, "_wandb": {"runtime": 1991}}