{"Episode_rew/rew_above_vel_range": -0.02686420828104019, "Episode_rew/rew_action_rate": -1.5725333923910512e-07, "Episode_rew/rew_ang_vel_xy": -0.014501604251563549, "Episode_rew/rew_base_height": -0.02462518773972988, "Episode_rew/rew_collision": -0.12646888196468353, "Episode_rew/rew_dof_acc": -0.002523409202694893, "Episode_rew/rew_feet_air_time": -0.016996383666992188, "Episode_rew/rew_feet_alignment_x": -0.0004071802832186222, "Episode_rew/rew_feet_alignment_y": -0.0003458780993241817, "Episode_rew/rew_feet_contact_forces": -0.0005502469139173627, "Episode_rew/rew_feet_contact_number": 0.00016747828340157866, "Episode_rew/rew_feet_distance": -0.027365395799279213, "Episode_rew/rew_lin_vel_z": -0.005843993276357651, "Episode_rew/rew_no_fly": -0.025453656911849976, "Episode_rew/rew_orientation": -0.08656168729066849, "Episode_rew/rew_survival": 0.0822577029466629, "Episode_rew/rew_target_feet_height": -0.0029044807888567448, "Episode_rew/rew_torque_limits": 0.0, "Episode_rew/rew_torques": -0.0008303711074404418, "Episode_rew/rew_tracking_ang_vel": 0.04191586375236511, "Episode_rew/rew_tracking_base_height": 0.031241295859217644, "Episode_rew/rew_tracking_lin_vel": 0.05915922671556473, "Episode_rew/rew_tracking_orientation": 0.02763371542096138, "Episode_rew/rew_unbalance_feet_air_time": -0.019310470670461655, "Episode_rew/rew_unbalance_feet_height": -0.0007453763973899186, "Episode_rew/terrain_level": 0.0, "Loss_depth/depth_encoder": 0, "Loss_depth/depth_actor": 10.028672218322754, "Loss_depth/coder_loss": 6.620384693145752, "Policy/mean_noise_std": 0.6316365003585815, "Perf/total_fps": 272, "Perf/collection time": 22.46603226661682, "Perf/learning_time": 0.1189737319946289, "Train/mean_reward": -2.5715850692987443, "Train/mean_episode_length": 42.51, "_timestamp": 1732587347.0530517, "_runtime": 212.31712079048157, "_step": 21308, "_wandb": {"runtime": 221}}