{"Episode_rew/rew_above_vel_range": -0.027492161840200424, "Episode_rew/rew_action_rate": -3.066566591769515e-07, "Episode_rew/rew_ang_vel_xy": -0.014141918160021305, "Episode_rew/rew_base_height": -0.02361799217760563, "Episode_rew/rew_collision": -0.11430461704730988, "Episode_rew/rew_dof_acc": -0.002545346273109317, "Episode_rew/rew_feet_air_time": -0.017212336882948875, "Episode_rew/rew_feet_alignment_x": -0.0004977886565029621, "Episode_rew/rew_feet_alignment_y": -0.00037516141310334206, "Episode_rew/rew_feet_contact_forces": -0.0005382457165978849, "Episode_rew/rew_feet_contact_number": 0.0001580196840222925, "Episode_rew/rew_feet_distance": -0.026402506977319717, "Episode_rew/rew_lin_vel_z": -0.005237970966845751, "Episode_rew/rew_no_fly": -0.026243779808282852, "Episode_rew/rew_orientation": -0.08626683801412582, "Episode_rew/rew_survival": 0.08446506410837173, "Episode_rew/rew_target_feet_height": -0.0028080930933356285, "Episode_rew/rew_torque_limits": 0.0, "Episode_rew/rew_torques": -0.0008244888158515096, "Episode_rew/rew_tracking_ang_vel": 0.04174679517745972, "Episode_rew/rew_tracking_base_height": 0.03274926543235779, "Episode_rew/rew_tracking_lin_vel": 0.06229982525110245, "Episode_rew/rew_tracking_orientation": 0.028253566473722458, "Episode_rew/rew_unbalance_feet_air_time": -0.01830427348613739, "Episode_rew/rew_unbalance_feet_height": -0.0007488770061172545, "Episode_rew/terrain_level": 0.02548828348517418, "Loss_depth/depth_encoder": 0, "Loss_depth/depth_actor": 0.112822525203228, "Loss_depth/coder_loss": 0, "Policy/mean_noise_std": 1.0, "Perf/total_fps": 279, "Perf/collection time": 21.878131866455078, "Perf/learning_time": 0.11370229721069336, "Train/mean_reward": -2.297069880962372, "Train/mean_episode_length": 41.19, "_timestamp": 1732529133.540542, "_runtime": 79.48501896858215, "_step": 2, "_wandb": {"runtime": 93}}