{"Episode_rew/rew_above_vel_range": -0.02087174542248249, "Episode_rew/rew_action_rate": -2.483985213075357e-07, "Episode_rew/rew_ang_vel_xy": -0.011356540955603123, "Episode_rew/rew_base_height": -0.026990478858351707, "Episode_rew/rew_collision": -0.10189463198184967, "Episode_rew/rew_dof_acc": -0.0027193317655473948, "Episode_rew/rew_feet_air_time": -0.014049757272005081, "Episode_rew/rew_feet_alignment_x": -0.000324695254676044, "Episode_rew/rew_feet_alignment_y": -0.00036356624332256615, "Episode_rew/rew_feet_contact_forces": -0.0003873288515023887, "Episode_rew/rew_feet_contact_number": -0.00037997920298948884, "Episode_rew/rew_feet_distance": -0.017185453325510025, "Episode_rew/rew_lin_vel_z": -0.004476856905966997, "Episode_rew/rew_no_fly": -0.022370222955942154, "Episode_rew/rew_orientation": -0.06851445138454437, "Episode_rew/rew_survival": 0.0680437758564949, "Episode_rew/rew_target_feet_height": -0.006448510568588972, "Episode_rew/rew_torque_limits": 0.0, "Episode_rew/rew_torques": -0.000690855085849762, "Episode_rew/rew_tracking_ang_vel": 0.03796285018324852, "Episode_rew/rew_tracking_base_height": 0.024678103625774384, "Episode_rew/rew_tracking_lin_vel": 0.06434430927038193, "Episode_rew/rew_tracking_orientation": 0.025594264268875122, "Episode_rew/rew_unbalance_feet_air_time": -0.01482948288321495, "Episode_rew/rew_unbalance_feet_height": -0.0005160438013263047, "Episode_rew/terrain_level": 1.9167214632034302, "Loss_depth/depth_encoder": 0, "Loss_depth/depth_actor": 0.14423581957817078, "Loss_depth/coder_loss": 0, "Policy/mean_noise_std": 1.0, "Perf/total_fps": 269, "Perf/collection time": 22.588731288909912, "Perf/learning_time": 0.24582147598266602, "Train/mean_reward": -2.922764413356781, "Train/mean_episode_length": 41.08, "_timestamp": 1732528006.0384107, "_runtime": 33.84938955307007, "_step": 0, "_wandb": {"runtime": 27}}