{"Episode_rew/rew_above_vel_range": -0.020707499235868454, "Episode_rew/rew_action_rate": -2.5352238708364894e-07, "Episode_rew/rew_ang_vel_xy": -0.011615018360316753, "Episode_rew/rew_base_height": -0.02719944156706333, "Episode_rew/rew_collision": -0.1099177673459053, "Episode_rew/rew_dof_acc": -0.002811251673847437, "Episode_rew/rew_feet_air_time": -0.014128804206848145, "Episode_rew/rew_feet_alignment_x": -0.000338973943144083, "Episode_rew/rew_feet_alignment_y": -0.0003526339423842728, "Episode_rew/rew_feet_contact_forces": -0.00038492539897561073, "Episode_rew/rew_feet_contact_number": 0.0003631386789493263, "Episode_rew/rew_feet_distance": -0.018567221239209175, "Episode_rew/rew_lin_vel_z": -0.004595442209392786, "Episode_rew/rew_no_fly": -0.02269761450588703, "Episode_rew/rew_orientation": -0.06833307445049286, "Episode_rew/rew_survival": 0.0677434504032135, "Episode_rew/rew_target_feet_height": -0.0065765525214374065, "Episode_rew/rew_torque_limits": 0.0, "Episode_rew/rew_torques": -0.000690748100169003, "Episode_rew/rew_tracking_ang_vel": 0.04040616378188133, "Episode_rew/rew_tracking_base_height": 0.024456696584820747, "Episode_rew/rew_tracking_lin_vel": 0.06441862136125565, "Episode_rew/rew_tracking_orientation": 0.025817088782787323, "Episode_rew/rew_unbalance_feet_air_time": -0.013850584626197815, "Episode_rew/rew_unbalance_feet_height": -0.0005583169986493886, "Episode_rew/terrain_level": 1.9048714637756348, "Loss_depth/depth_encoder": 0, "Loss_depth/depth_actor": 0.14292360842227936, "Loss_depth/coder_loss": 0, "Policy/mean_noise_std": 1.0, "Perf/total_fps": 266, "Perf/collection time": 22.79438018798828, "Perf/learning_time": 0.24282407760620117, "Train/mean_reward": -2.7998575615882872, "Train/mean_episode_length": 41.93, "_timestamp": 1732528967.6773283, "_runtime": 34.13813543319702, "_step": 0, "_wandb": {"runtime": 27}}